method,train_seed,eval_seed,lag_steps,delay_ms,completed_episodes,survived_episodes,failure_episodes,survival_ratio,mean_survival_time_s,xy_rmse,vx_rmse,vy_rmse,yaw_rmse,mean_vx,mean_vy,mean_wz
A,42,0,0,0,20,20,0,1.0,20.0,0.2681,0.2677,0.0136,0.1597,0.0029,0.0001,-0.0096
A,42,0,2,10,20,20,0,1.0,20.0,0.2671,0.2661,0.0222,0.219,0.0044,0.0004,-0.0055
A,42,0,4,20,20,17,3,0.85,19.445,0.2749,0.2736,0.0272,0.3493,0.003,-0.0003,-0.005
A,42,0,6,30,24,17,7,0.7083,15.594,0.2729,0.271,0.0324,0.5378,0.001,0.0002,-0.0091
A,42,0,8,40,41,10,31,0.2439,8.26,0.2744,0.2663,0.0663,0.9206,0.0051,0.0011,-0.0165
A,42,1,0,0,20,20,0,1.0,20.0,0.2696,0.2694,0.0107,0.1378,0.0025,0.0001,-0.0057
A,42,1,2,10,20,20,0,1.0,20.0,0.2767,0.2763,0.0152,0.1828,-0.0014,0.0,0.0004
A,42,1,4,20,21,19,2,0.9048,18.478,0.2706,0.2697,0.0218,0.3546,0.0003,0.0007,0.0011
A,42,1,6,30,21,18,3,0.8571,18.498,0.2644,0.2632,0.0258,0.3765,0.0009,0.0006,-0.0014
A,42,1,8,40,26,13,13,0.5,14.338,0.2798,0.276,0.0457,0.6514,0.0016,-0.0,-0.0067
A,42,2,0,0,20,20,0,1.0,20.0,0.2733,0.2732,0.0044,0.0732,0.0001,0.0,0.0017
A,42,2,2,10,20,20,0,1.0,20.0,0.2789,0.2788,0.0085,0.1075,0.0008,0.0001,-0.0026
A,42,2,4,20,20,18,2,0.9,19.435,0.2787,0.278,0.0196,0.2665,0.0,-0.0,0.0009
A,42,2,6,30,21,16,5,0.7619,17.296,0.2592,0.2578,0.0275,0.3995,0.0018,-0.0009,0.0019
A,42,2,8,40,27,12,15,0.4444,13.758,0.2889,0.2853,0.0454,0.6855,-0.0014,0.0,0.0013
A,43,0,0,0,20,19,1,0.95,19.285,0.2549,0.2546,0.0119,0.1198,0.0016,-0.0001,-0.0041
A,43,0,2,10,20,20,0,1.0,20.0,0.2676,0.2664,0.0253,0.2755,0.0047,0.0009,-0.0219
A,43,0,4,20,21,19,2,0.9048,18.729,0.2811,0.2793,0.0322,0.3893,0.0001,0.0005,-0.0329
A,43,0,6,30,22,17,5,0.7727,16.556,0.2824,0.2811,0.0277,0.4106,0.0002,0.0007,-0.0106
A,43,0,8,40,28,14,14,0.5,12.967,0.2736,0.2703,0.042,0.5512,0.0015,0.0034,-0.0294
A,43,1,0,0,20,20,0,1.0,20.0,0.2699,0.2697,0.011,0.1373,0.0019,0.0003,-0.0081
A,43,1,2,10,20,20,0,1.0,20.0,0.2794,0.2789,0.0163,0.1738,-0.0032,-0.0,0.0072
A,43,1,4,20,20,19,1,0.95,19.245,0.2624,0.262,0.0139,0.1516,-0.0006,0.0002,0.0036
A,43,1,6,30,21,17,4,0.8095,16.793,0.2726,0.2715,0.0244,0.2853,0.0014,0.0005,-0.0162
A,43,1,8,40,21,17,4,0.8095,17.65,0.2676,0.2661,0.0275,0.2957,-0.0004,0.0003,-0.0064
A,43,2,0,0,20,20,0,1.0,20.0,0.2732,0.2732,0.0022,0.0512,0.0002,0.0,-0.0036
A,43,2,2,10,20,20,0,1.0,20.0,0.2792,0.2788,0.0141,0.1432,0.001,0.0003,-0.0098
A,43,2,4,20,20,19,1,0.95,19.289,0.2751,0.2747,0.0144,0.214,0.0003,0.0005,-0.0147
A,43,2,6,30,20,19,1,0.95,19.267,0.2706,0.27,0.0174,0.2518,0.0007,-0.0002,0.0037
A,43,2,8,40,26,14,12,0.5385,14.216,0.278,0.2752,0.0395,0.5148,-0.0007,0.0012,-0.0034
A,44,0,0,0,20,20,0,1.0,20.0,0.2688,0.2684,0.0143,0.139,0.002,-0.0002,0.0083
A,44,0,2,10,20,20,0,1.0,20.0,0.268,0.2673,0.0192,0.2121,0.0026,0.0001,0.0088
A,44,0,4,20,20,19,1,0.95,19.141,0.2625,0.2621,0.015,0.1939,0.0003,-0.0003,0.0086
A,44,0,6,30,22,16,6,0.7273,16.065,0.2571,0.2551,0.0319,0.4004,0.0013,0.0007,0.0161
A,44,0,8,40,37,15,22,0.4054,10.344,0.2545,0.2503,0.0461,0.6618,0.0046,0.0003,0.0054
A,44,1,0,0,20,20,0,1.0,20.0,0.2716,0.2714,0.0104,0.1175,0.0005,-0.0001,0.003
A,44,1,2,10,20,20,0,1.0,20.0,0.2762,0.276,0.0099,0.1157,-0.0012,0.0002,0.0028
A,44,1,4,20,20,19,1,0.95,19.231,0.2761,0.2757,0.0153,0.2186,0.0002,-0.0002,0.0091
A,44,1,6,30,22,17,5,0.7727,16.61,0.2708,0.2691,0.0303,0.4015,0.0001,-0.0,0.0174
A,44,1,8,40,39,12,27,0.3077,9.371,0.2801,0.2752,0.0523,0.7928,0.0034,-0.0001,0.0497
A,44,2,0,0,20,20,0,1.0,20.0,0.2731,0.2731,0.0018,0.0487,0.0002,0.0,0.0003
A,44,2,2,10,20,20,0,1.0,20.0,0.2789,0.2788,0.0098,0.1097,0.0007,-0.0001,0.0027
A,44,2,4,20,20,18,2,0.9,19.498,0.2836,0.2825,0.0247,0.3127,0.0009,-0.0004,0.0175
A,44,2,6,30,22,16,6,0.7273,17.117,0.2731,0.271,0.0335,0.4485,0.0009,-0.0006,0.0268
A,44,2,8,40,33,11,22,0.3333,10.845,0.287,0.2833,0.0459,0.7595,0.0011,-0.0003,0.0178
B,42,0,0,0,20,20,0,1.0,20.0,0.2024,0.174,0.1035,0.4504,0.1074,-0.0064,-0.083
B,42,0,2,10,20,20,0,1.0,20.0,0.2069,0.1694,0.1188,0.4299,0.0966,-0.006,-0.0501
B,42,0,4,20,20,20,0,1.0,20.0,0.216,0.1703,0.1329,0.435,0.0966,-0.0059,-0.0447
B,42,0,6,30,20,20,0,1.0,20.0,0.2249,0.1727,0.1441,0.4869,0.097,-0.0054,-0.0812
B,42,0,8,40,20,18,2,0.9,18.341,0.2311,0.175,0.1509,0.6157,0.0984,-0.0046,-0.1537
B,42,1,0,0,20,19,1,0.95,19.262,0.2031,0.1738,0.105,0.4401,0.0881,-0.0088,-0.045
B,42,1,2,10,20,20,0,1.0,20.0,0.2134,0.1794,0.1156,0.3996,0.0939,-0.0091,-0.0465
B,42,1,4,20,20,20,0,1.0,20.0,0.2169,0.1749,0.1282,0.3934,0.0982,-0.0098,-0.048
B,42,1,6,30,20,20,0,1.0,20.0,0.2263,0.1776,0.1402,0.4278,0.097,-0.01,-0.0627
B,42,1,8,40,20,20,0,1.0,20.0,0.2407,0.186,0.1528,0.5217,0.0923,-0.0093,-0.0916
B,42,2,0,0,20,20,0,1.0,20.0,0.2097,0.1832,0.1022,0.3983,0.0864,-0.0097,-0.0059
B,42,2,2,10,20,20,0,1.0,20.0,0.2158,0.1816,0.1166,0.4441,0.0974,-0.0106,-0.0334
B,42,2,4,20,20,20,0,1.0,20.0,0.2194,0.1775,0.129,0.4096,0.1008,-0.0121,-0.0336
B,42,2,6,30,20,20,0,1.0,20.0,0.2302,0.1829,0.1399,0.4399,0.0972,-0.0131,-0.069
B,42,2,8,40,20,19,1,0.95,19.056,0.2325,0.1765,0.1513,0.4664,0.0976,-0.0121,-0.0647
B,43,0,0,0,20,18,2,0.9,19.34,0.2121,0.1801,0.112,0.4229,0.0887,-0.008,-0.0253
B,43,0,2,10,21,18,3,0.8571,18.115,0.2126,0.173,0.1234,0.4062,0.0942,-0.0093,-0.023
B,43,0,4,20,20,20,0,1.0,20.0,0.2165,0.1672,0.1375,0.3771,0.1027,-0.0088,0.022
B,43,0,6,30,20,20,0,1.0,20.0,0.2207,0.1637,0.1479,0.4408,0.1085,-0.0049,0.0556
B,43,0,8,40,21,18,3,0.8571,18.631,0.2252,0.1621,0.1562,0.6612,0.1173,0.0022,0.117
B,43,1,0,0,20,19,1,0.95,19.347,0.2173,0.1861,0.1122,0.3729,0.0849,-0.0108,-0.0029
B,43,1,2,10,20,20,0,1.0,20.0,0.2238,0.1873,0.1226,0.323,0.0867,-0.0094,0.0007
B,43,1,4,20,20,20,0,1.0,20.0,0.2261,0.1812,0.1351,0.3312,0.0927,-0.007,0.0238
B,43,1,6,30,20,20,0,1.0,20.0,0.2305,0.179,0.1452,0.3906,0.0964,-0.0042,0.0712
B,43,1,8,40,20,19,1,0.95,19.904,0.2414,0.1831,0.1574,0.5911,0.0983,0.0002,0.1358
B,43,2,0,0,20,20,0,1.0,20.0,0.2301,0.2017,0.1109,0.3422,0.0732,-0.0113,-0.0341
B,43,2,2,10,20,20,0,1.0,20.0,0.2238,0.1882,0.1211,0.3079,0.0908,-0.0127,-0.042
B,43,2,4,20,20,20,0,1.0,20.0,0.2269,0.1837,0.1332,0.3099,0.0954,-0.0098,-0.0094
B,43,2,6,30,20,20,0,1.0,20.0,0.2334,0.1843,0.1432,0.3725,0.0965,-0.0066,0.0304
B,43,2,8,40,20,19,1,0.95,19.647,0.2444,0.1876,0.1566,0.5371,0.0981,-0.0022,0.0755
B,44,0,0,0,20,19,1,0.95,19.768,0.2054,0.1762,0.1055,0.4591,0.1059,0.0064,0.0194
B,44,0,2,10,20,20,0,1.0,20.0,0.214,0.1764,0.1212,0.4743,0.0979,0.0079,0.033
B,44,0,4,20,20,20,0,1.0,20.0,0.2178,0.1718,0.1339,0.4738,0.1018,0.0094,0.0481
B,44,0,6,30,20,19,1,0.95,19.869,0.214,0.164,0.1374,0.4688,0.1135,0.0104,0.0232
B,44,0,8,40,20,19,1,0.95,19.063,0.2264,0.1652,0.1548,0.5898,0.1252,0.0105,-0.0146
B,44,1,0,0,20,20,0,1.0,20.0,0.2241,0.1958,0.1091,0.4712,0.0948,0.0018,0.0178
B,44,1,2,10,20,20,0,1.0,20.0,0.2133,0.1794,0.1155,0.4045,0.0941,0.002,0.0411
B,44,1,4,20,20,20,0,1.0,20.0,0.2166,0.1747,0.128,0.3905,0.0986,0.0026,0.0473
B,44,1,6,30,20,20,0,1.0,20.0,0.2195,0.1703,0.1384,0.4014,0.1037,0.003,0.0385
B,44,1,8,40,20,20,0,1.0,20.0,0.2289,0.1734,0.1494,0.466,0.1047,0.0021,0.0031
B,44,2,0,0,20,20,0,1.0,20.0,0.2306,0.2042,0.1071,0.4418,0.0783,-0.0008,0.0273
B,44,2,2,10,20,20,0,1.0,20.0,0.2125,0.1769,0.1178,0.4115,0.1022,-0.0029,0.0508
B,44,2,4,20,20,20,0,1.0,20.0,0.218,0.1744,0.1307,0.3967,0.1051,-0.0038,0.0625
B,44,2,6,30,20,20,0,1.0,20.0,0.222,0.1719,0.1404,0.413,0.1086,-0.004,0.0441
B,44,2,8,40,20,19,1,0.95,19.236,0.2333,0.177,0.152,0.4995,0.1074,-0.0064,0.0043
