method,lag_steps,delay_ms,survival_ratio_mean,mean_survival_time_s_mean,xy_rmse_mean,vx_rmse_mean,vy_rmse_mean,yaw_rmse_mean,mean_vx_mean,mean_vy_mean,mean_wz_mean,survival_ratio_std,mean_survival_time_s_std,xy_rmse_std,vx_rmse_std,vy_rmse_std,yaw_rmse_std,mean_vx_std,mean_vy_std,mean_wz_std,n_train_seeds
A,0,0,0.9944444444444445,19.920555555555556,0.26916666666666667,0.26896666666666663,0.008922222222222222,0.10935555555555555,0.0013222222222222222,1.1111111111111107e-05,-0.0019777777777777775,0.00962250448649373,0.1376018141568613,0.002773886162848861,0.002747928512736658,0.0006049181150584975,0.012318023530733472,0.0004729732589731724,9.622504486493763e-05,0.005074701231855191,3
A,2,10,1.0,20.0,0.27466666666666667,0.27415555555555554,0.01561111111111111,0.17103333333333334,0.0009333333333333334,0.0002111111111111111,-0.0019888888888888894,0.0,0.0,0.0006385748020222832,0.000494787646182494,0.00281293309422613,0.025856613166546853,0.00029627314724385307,0.00017105338131489614,0.006485996311142041,3
A,4,20,0.9177333333333332,19.165666666666667,0.2738888888888889,0.2730666666666667,0.020455555555555557,0.2722777777777778,0.0005,7.77777777777778e-05,-0.0013111111111111112,0.028416896382258295,0.10883371618105381,0.0009459465179463542,0.0009386751893552498,0.0022804320578281557,0.04460638137373685,0.0005840471822645077,0.0003532914021241032,0.01320274943307615,3
A,6,30,0.7874222222222222,17.088444444444445,0.2692333333333333,0.2677555555555556,0.02787777777777778,0.3902111111111111,0.0009222222222222223,0.0001111111111111111,0.003177777777777778,0.05180948361634758,0.47199686125761225,0.005221430199986731,0.00560647773495914,0.004407233112022066,0.06521702515731893,0.0002694301256218254,0.00019531550923607716,0.014852995707313776,3
A,8,40,0.45363333333333333,12.416555555555554,0.2759888888888889,0.272,0.04563333333333333,0.6481444444444445,0.0016444444444444447,0.0006555555555555555,0.0013111111111111125,0.14258865078726754,2.3927810953721544,0.004386891247206252,0.0033809926221615807,0.00834472554638224,0.16837606498329644,0.0014538582130674588,0.0008700787533534174,0.020116668968056577,3
B,0,0,0.9722222222222223,19.746333333333336,0.2149777777777778,0.18612222222222222,0.1075,0.4221,0.08974444444444445,-0.005288888888888889,-0.014633333333333332,0.01924500897298753,0.18028896558334315,0.008583856510484834,0.008020275233108571,0.0040732187654373775,0.03955360638143861,0.006493957305178514,0.006772192598604428,0.03349056251808527,3
B,2,10,0.9841222222222222,19.790555555555557,0.21512222222222221,0.17906666666666662,0.11917777777777779,0.40011111111111114,0.09486666666666667,-0.005566666666666667,-0.00771111111111111,0.027501117822399175,0.36276841914081537,0.004326190694586405,0.003284475266732539,0.0028225940262526276,0.04720353486449612,0.0038691084244306217,0.00690724257573165,0.044114149069750266,3
B,4,20,1.0,20.0,0.21935555555555555,0.17507777777777778,0.13205555555555556,0.39080000000000004,0.09910000000000001,-0.005022222222222222,0.007555555555555556,0.0,0.0,0.0033005611195225017,0.002004809033114942,0.002811945418573604,0.04467845615556168,0.002498666310921357,0.006726509193179322,0.04753228532427352,3
B,6,30,0.9944444444444445,19.985444444444443,0.2246111111111111,0.17404444444444445,0.14185555555555554,0.42685555555555554,0.10204444444444444,-0.0038666666666666663,0.0055666666666666685,0.00962250448649373,0.02521096175461319,0.005319182616126616,0.004714202340131763,0.003373151071053314,0.025128167756818545,0.005926337948639226,0.006426594052148549,0.06683113878358733,3
B,8,40,0.9452333333333334,19.319777777777777,0.23376666666666668,0.1762111111111111,0.15348888888888887,0.5498333333333334,0.10436666666666666,-0.0021777777777777776,0.0012333333333333315,0.024171769576190452,0.1634986691530367,0.0038324636694661313,0.003843079397990521,0.0028168803337761572,0.041186661810725965,0.008168503194860389,0.005707824389315009,0.10642985692203313,3
