method,train_seed,lag_steps,delay_ms,survival_ratio,mean_survival_time_s,xy_rmse,vx_rmse,vy_rmse,yaw_rmse,mean_vx,mean_vy,mean_wz
A,42,0,0,1.0,20.0,0.2703333333333333,0.2701,0.009566666666666666,0.12356666666666667,0.0018333333333333333,6.666666666666667e-05,-0.004533333333333333
A,42,2,10,1.0,20.0,0.27423333333333333,0.27373333333333333,0.015300000000000001,0.16976666666666665,0.0012666666666666668,0.00016666666666666666,-0.0025666666666666663
A,42,4,20,0.8849333333333332,19.119333333333334,0.27473333333333333,0.27376666666666666,0.022866666666666664,0.3234666666666667,0.0011,0.00013333333333333334,-0.001
A,42,6,30,0.7757666666666667,17.129333333333335,0.2655,0.264,0.028566666666666667,0.43793333333333334,0.0012333333333333335,-3.333333333333335e-05,-0.0028666666666666667
A,42,8,40,0.39609999999999995,12.118666666666664,0.2810333333333333,0.27586666666666665,0.05246666666666666,0.7525,0.001766666666666667,0.00036666666666666667,-0.007300000000000001
A,43,0,0,0.9833333333333334,19.761666666666667,0.266,0.2658333333333333,0.008366666666666666,0.10276666666666667,0.0012333333333333335,6.666666666666666e-05,-0.005266666666666666
A,43,2,10,1.0,20.0,0.27540000000000003,0.2747,0.018566666666666665,0.1975,0.0008333333333333334,0.00039999999999999996,-0.008166666666666668
A,43,4,20,0.9349333333333334,19.087666666666667,0.27286666666666665,0.272,0.020166666666666666,0.2516333333333333,-6.666666666666664e-05,0.0004,-0.014666666666666666
A,43,6,30,0.8440666666666666,17.538666666666668,0.2752,0.2742,0.02316666666666667,0.3159,0.0007666666666666667,0.0003333333333333333,-0.0076999999999999985
A,43,8,40,0.616,14.944333333333333,0.2730666666666667,0.27053333333333335,0.036333333333333336,0.4539,0.0001333333333333333,0.0016333333333333332,-0.013066666666666666
A,44,0,0,1.0,20.0,0.27116666666666667,0.27096666666666663,0.008833333333333334,0.10173333333333334,0.0009000000000000001,-0.0001,0.003866666666666667
A,44,2,10,1.0,20.0,0.27436666666666665,0.27403333333333335,0.012966666666666666,0.14583333333333334,0.0007,6.666666666666666e-05,0.0047666666666666664
A,44,4,20,0.9333333333333332,19.290000000000003,0.2740666666666667,0.27343333333333336,0.018333333333333333,0.24173333333333333,0.00046666666666666666,-0.0003,0.011733333333333333
A,44,6,30,0.7424333333333334,16.597333333333335,0.26699999999999996,0.2650666666666667,0.031900000000000005,0.4168,0.0007666666666666667,3.333333333333335e-05,0.0201
A,44,8,40,0.3488,10.186666666666667,0.27386666666666665,0.2696,0.048100000000000004,0.7380333333333334,0.0030333333333333336,-3.333333333333333e-05,0.024300000000000002
B,42,0,0,0.9833333333333334,19.754,0.20506666666666665,0.17700000000000002,0.10356666666666665,0.4296,0.09396666666666666,-0.0083,-0.04463333333333333
B,42,2,10,1.0,20.0,0.21203333333333332,0.17679999999999998,0.11699999999999999,0.4245333333333334,0.09596666666666666,-0.008566666666666667,-0.043333333333333335
B,42,4,20,1.0,20.0,0.21743333333333334,0.17423333333333332,0.13003333333333333,0.4126666666666667,0.09853333333333332,-0.009266666666666666,-0.0421
B,42,6,30,1.0,20.0,0.22713333333333333,0.17773333333333333,0.1414,0.45153333333333334,0.09706666666666668,-0.0095,-0.07096666666666666
B,42,8,40,0.9500000000000001,19.132333333333335,0.23476666666666668,0.17916666666666667,0.15166666666666664,0.5346000000000001,0.0961,-0.008666666666666666,-0.10333333333333333
B,43,0,0,0.9500000000000001,19.56233333333333,0.21983333333333333,0.1893,0.11170000000000001,0.3793333333333333,0.08226666666666667,-0.010033333333333333,-0.020766666666666666
B,43,2,10,0.9523666666666667,19.371666666666666,0.22006666666666666,0.18283333333333332,0.12236666666666667,0.34570000000000006,0.09056666666666667,-0.010466666666666666,-0.021433333333333332
B,43,4,20,1.0,20.0,0.22316666666666665,0.17736666666666667,0.13526666666666667,0.3394,0.09693333333333333,-0.008533333333333334,0.012133333333333335
B,43,6,30,1.0,20.0,0.2282,0.17566666666666667,0.14543333333333333,0.4013,0.10046666666666666,-0.005233333333333333,0.0524
B,43,8,40,0.9190333333333333,19.394000000000002,0.23700000000000002,0.17759999999999998,0.15673333333333334,0.5964666666666667,0.10456666666666665,6.66666666666667e-05,0.10943333333333333
B,44,0,0,0.9833333333333334,19.922666666666668,0.22003333333333333,0.1920666666666667,0.10723333333333333,0.4573666666666667,0.09299999999999999,0.002466666666666667,0.021500000000000002
B,44,2,10,1.0,20.0,0.21326666666666663,0.17756666666666665,0.11816666666666668,0.4301,0.09806666666666668,0.0023333333333333335,0.041633333333333335
B,44,4,20,1.0,20.0,0.21746666666666667,0.17363333333333333,0.13086666666666666,0.4203333333333334,0.10183333333333333,0.0027333333333333337,0.05263333333333333
B,44,6,30,0.9833333333333334,19.956333333333333,0.2185,0.16873333333333332,0.13873333333333335,0.4277333333333333,0.10859999999999999,0.003133333333333333,0.03526666666666667
B,44,8,40,0.9666666666666667,19.433,0.22953333333333334,0.1718666666666667,0.15206666666666666,0.5184333333333333,0.11243333333333333,0.0020666666666666667,-0.0024
